账号,密码,平台类型,服务器,节点,备注,排序
31580,Test123456,MT4,FXAdamantStone-Real,47.238.99.66:443,参数化新增云策略账号,100
31581,Test123456,MT4,FXAdamantStone-Real,47.238.99.66:443,参数化新增云策略账号,100
31582,Test123456,MT4,FXAdamantStone-Real,47.238.99.66:443,参数化新增云策略账号,100
31583,Test123456,MT4,FXAdamantStone-Real,47.238.99.66:443,参数化新增云策略账号,100
31584,Test123456,MT4,FXAdamantStone-Real,47.238.99.66:443,参数化新增云策略账号,100
31585,Test123456,MT4,FXAdamantStone-Real,47.238.99.66:443,参数化新增云策略账号,100
31586,Test123456,MT4,FXAdamantStone-Real,47.238.99.66:443,参数化新增云策略账号,100
31587,Test123456,MT4,FXAdamantStone-Real,47.238.99.66:443,参数化新增云策略账号,100
31588,Test123456,MT4,FXAdamantStone-Real,47.238.99.66:443,参数化新增云策略账号,100
31589,Test123456,MT4,FXAdamantStone-Real,47.238.99.66:443,参数化新增云策略账号,100
