账号,密码,账号类型,服务器,节点,备注,排序
300169,Test123456,MT4,FXAdamantStone-Real,47.238.99.66:443,参数化新增云策略账号,100
300159,Test123456,MT4,FXAdamantStone-Real,47.238.99.66:443,参数化新增云策略账号,100
300160,Test123456,MT4,FXAdamantStone-Real,47.238.99.66:443,参数化新增云策略账号,100
300161,Test123456,MT4,FXAdamantStone-Real,47.238.99.66:443,参数化新增云策略账号,100
300162,Test123456,MT4,FXAdamantStone-Real,47.238.99.66:443,参数化新增云策略账号,100
300168,Test123456,MT4,FXAdamantStone-Real,47.238.99.66:443,参数化新增云策略账号,100
300164,Test123456,MT4,FXAdamantStone-Real,47.238.99.66:443,参数化新增云策略账号,100
300165,Test123456,MT4,FXAdamantStone-Real,47.238.99.66:443,参数化新增云策略账号,100
300166,Test123456,MT4,FXAdamantStone-Real,47.238.99.66:443,参数化新增云策略账号,100
300167,Test123456,MT4,FXAdamantStone-Real,47.238.99.66:443,参数化新增云策略账号,100
